{
  "author": "a4k-openproject",
  "version": "1.5.6",
  "name": "a4kOfficial",
  "update_directory": "https://www.github.com/a4k-openproject/a4kOfficial/archive/",
  "remote_meta": "https://raw.githubusercontent.com/a4k-openproject/a4kOfficial/main/meta.json",
  "seren_version": "3.0.0",
  "setup_extension": "configure.py",
  "services": [],
  "settings": [
    {
      "id": "justwatch.country",
      "type": "str",
      "default": "US",
      "visible": true,
      "label": "JustWatch Country"
    },
    {
      "id": "general.firstrun",
      "type": "int",
      "default": 1,
      "visible": false,
      "label": "First Run"
    },
    {
      "id": "plex.token",
      "type": "str",
      "default": "",
      "visible": false,
      "label": "Plex Token"
    },
    {
      "id": "plex.client_id",
      "type": "str",
      "default": "",
      "visible": false,
      "label": "Plex Client ID"
    },
    {
      "id": "plex.device_id",
      "type": "str",
      "default": "",
      "visible": false,
      "label": "Plex Device ID"
    },
    {
      "id": "general.configure",
      "type": "bool",
      "default": false,
      "visible": true,
      "label": "Re-run Package Configuration",
      "hide_value": true,
      "action": {
        "module": "providers.a4kOfficial.configure",
        "function": "setup"
      }
    }
  ]
}