<?xml version="1.0" encoding="UTF-8"?>
<addon id="repository.infowars" name="Infowars Update Add-ons" provider-name="PEWKodi Add-ons" version="1.0.4">
  <extension point="xbmc.addon.repository" name="Chibo Add-ons Repository">
    <dir>
    <info compressed="false">https://raw.githubusercontent.com/pewkodi/infowars/master/addons.xml</info>
    <!-- <checksum>https://raw.githubusercontent.com/pewkodi/Leviticus/master/addons.xml.md5</checksum> -->
    <!-- <datadir zip="true">https://raw.githubusercontent.com/pewkodi/Leviticus/master/</datadir> -->
    </dir>
  <extension point="xbmc.addon.metadata">
    <summary>Install InfoWars Update Add-ons</summary>
    <description>Download and install add-ons from the ChiBo Add-ons repository. See http:// for more information.</description>
    <platform>all</platform>
  </extension>
</addon>
