<?xml version="1.0" encoding="UTF-8"?>
	<addon id="hellyrepo.kodi" name="HellyRepo" version="0.2.6" provider-name="Helly">
        <extension point="xbmc.addon.repository" name="HellyRepo">
            <dir minversion="15.0.0">
                <info compressed="false">https://raw.githubusercontent.com/Helly1206/_repo/isengard/addons.xml</info>
                <checksum>https://raw.githubusercontent.com/Helly1206/_repo/isengard/addons.xml.md5</checksum>
                <datadir zip="true">https://raw.githubusercontent.com/Helly1206/_repo/isengard/</datadir>
                <hashes>false</hashes>
            </dir>
            <dir minversion="15.9.0">
                <info compressed="false">https://raw.githubusercontent.com/Helly1206/_repo/jarvis/addons.xml</info>
                <checksum>https://raw.githubusercontent.com/Helly1206/_repo/jarvis/addons.xml.md5</checksum>
                <datadir zip="true">https://raw.githubusercontent.com/Helly1206/_repo/jarvis/</datadir>
                <hashes>false</hashes>
            </dir>
            <dir minversion="16.9.0">
                <info compressed="false">https://raw.githubusercontent.com/Helly1206/_repo/krypton/addons.xml</info>
                <checksum>https://raw.githubusercontent.com/Helly1206/_repo/krypton/addons.xml.md5</checksum>
                <datadir zip="true">https://raw.githubusercontent.com/Helly1206/_repo/krypton/</datadir>
                <hashes>false</hashes>
            </dir>
            <dir minversion="17.9.0">
                <info compressed="false">https://raw.githubusercontent.com/Helly1206/_repo/leia/addons.xml</info>
                <checksum>https://raw.githubusercontent.com/Helly1206/_repo/leia/addons.xml.md5</checksum>
                <datadir zip="true">https://raw.githubusercontent.com/Helly1206/_repo/leia/</datadir>
                <hashes>false</hashes>
            </dir>
        </extension>
        <extension point="xbmc.addon.metadata">
            <summary>The repository contains addons and scripts to be used with kodi.</summary>
            <description>HellyRepo is a repository that contains addons and scripts to be used with kodi.</description>
            <platform>all</platform>
    </extension>
</addon>
