<?xml version="1.0" encoding="UTF-8"?>
<addon id="plugin.video.banned.video"
       name="Banned.Video"
       version="2.1.8"
       provider-name="Thomas Meadows, Spinalcracker">
  <requires>
	<import addon="xbmc.python" version="3.0.0"/>
	<import addon="plugin.video.youtube" version="5.2.1"/>
    <import addon="script.module.inputstreamhelper" version="0.3.3"/>
  </requires>
	<extension point="xbmc.python.pluginsource" library="default.py">
		<provides>video</provides>
	</extension>
  <extension point="xbmc.addon.metadata">
    <summary lang="en_US">Videos from Banned.Video Including live daily shows</summary>
    <description lang="en_US">Videos from Banned.Video Including live daily shows</description>
    <assets>
      <icon>icon.png</icon>
      <fanart>fanart.jpg</fanart>
    </assets>
    <news>
      Version 2.1.6
	  - Added AJ Live feeds/War Room
      - Fixed broken live streams in menu
      - Cleaned up the code and removed anything that was not being used or was unnecessary
      - Converted Python 2 code to Python 3
      - Removed the dependency on script.module.addon.common since it has been abandoned
      - Renamed addon to Banned.Video
      - Renamed license.txt to LICENSE
      - Added README.md
    </news>
    <disclaimer lang="en_US">This Project was made without association of the creators of Banned.Video</disclaimer>
  	<language>en</language>
  	<platform>all</platform>
    <forum>http://forum.kodi.tv/showthread.php?tid=198601</forum>
    <website>http://banned.video</website>
	  <source>https://github.com/Spinalcracker/repo-plugins/tree/jarvis/plugin.video.infowars</source>
  	<email></email>
  </extension>
</addon>
